path,language
common_voice_en_24246.mp3,en
common_voice_en_16249.mp3,en
common_voice_en_158.mp3,en
common_voice_en_1514.mp3,en
common_voice_en_11818.mp3,en
common_voice_en_10657.mp3,en
common_voice_en_9546.mp3,en
common_voice_en_3542.mp3,en
common_voice_en_179.mp3,en
common_voice_en_23550.mp3,en
common_voice_en_1472.mp3,en
common_voice_en_617.mp3,en
common_voice_en_9092.mp3,en
common_voice_en_616.mp3,en
common_voice_en_9139.mp3,en
common_voice_en_157.mp3,en
common_voice_en_13324.mp3,en
common_voice_en_9144.mp3,en
common_voice_en_9134.mp3,en
common_voice_en_176.mp3,en
common_voice_en_24321.mp3,en
common_voice_en_85930.mp3,en
common_voice_en_13611.mp3,en
common_voice_en_16320.mp3,en
common_voice_en_13005.mp3,en
common_voice_en_24539.mp3,en
common_voice_en_16239.mp3,en
common_voice_en_11871.mp3,en
common_voice_en_9175.mp3,en
common_voice_en_3415.mp3,en
common_voice_en_11838.mp3,en
common_voice_en_9110.mp3,en
common_voice_en_58798.mp3,en
common_voice_en_18875.mp3,en
common_voice_en_170.mp3,en
common_voice_en_13377.mp3,en
common_voice_en_12247.mp3,en
common_voice_en_20639.mp3,en
common_voice_en_3405.mp3,en
common_voice_en_42012.mp3,en
common_voice_en_16648.mp3,en
common_voice_en_19044.mp3,en
common_voice_en_13351.mp3,en
common_voice_en_12249.mp3,en
common_voice_en_806.mp3,en
common_voice_en_11815.mp3,en
common_voice_en_16658.mp3,en
common_voice_en_11865.mp3,en
common_voice_en_17050.mp3,en
common_voice_en_32973.mp3,en
common_voice_en_3507.mp3,en
common_voice_en_16661.mp3,en
common_voice_en_10643.mp3,en
common_voice_en_7993.mp3,en
common_voice_en_16597.mp3,en
common_voice_en_9113.mp3,en
common_voice_en_11824.mp3,en
common_voice_en_3552.mp3,en
common_voice_en_9093.mp3,en
common_voice_en_12246.mp3,en
common_voice_en_12983.mp3,en
common_voice_en_10972.mp3,en
common_voice_en_24240.mp3,en
common_voice_en_10995.mp3,en
common_voice_en_3544.mp3,en
common_voice_en_35285.mp3,en
common_voice_en_7877.mp3,en
common_voice_en_45290.mp3,en
common_voice_en_13319.mp3,en
common_voice_en_3527.mp3,en
common_voice_en_9143.mp3,en
common_voice_en_1121.mp3,en
common_voice_en_13652.mp3,en
common_voice_en_41638.mp3,en
common_voice_en_21023.mp3,en
common_voice_en_1513.mp3,en
common_voice_en_19066.mp3,en
common_voice_en_3530.mp3,en
common_voice_en_13654.mp3,en
common_voice_en_3554.mp3,en
common_voice_en_10644.mp3,en
common_voice_en_13347.mp3,en
common_voice_en_2137.mp3,en
common_voice_en_16299.mp3,en
common_voice_en_20215.mp3,en
common_voice_en_24258.mp3,en
common_voice_en_17225.mp3,en
common_voice_en_13590.mp3,en
common_voice_en_12998.mp3,en
common_voice_en_3547.mp3,en
common_voice_en_9798.mp3,en
common_voice_en_9106.mp3,en
common_voice_en_1470.mp3,en
common_voice_en_10485.mp3,en
common_voice_en_65625.mp3,en
common_voice_en_11826.mp3,en
common_voice_en_1334.mp3,en
common_voice_en_9543.mp3,en
common_voice_en_2143.mp3,en
common_voice_en_13619.mp3,en
common_voice_en_41661.mp3,en
common_voice_en_13343.mp3,en
common_voice_en_16235.mp3,en
common_voice_en_3551.mp3,en
common_voice_en_9158.mp3,en
common_voice_en_13378.mp3,en
common_voice_en_7862.mp3,en
common_voice_en_3535.mp3,en
common_voice_en_10494.mp3,en
common_voice_en_12986.mp3,en
common_voice_en_16155.mp3,en
common_voice_en_513980.mp3,en
common_voice_en_7869.mp3,en
common_voice_en_1214.mp3,en
common_voice_en_21005.mp3,en
common_voice_en_16251.mp3,en
common_voice_en_13370.mp3,en
common_voice_en_23554.mp3,en
common_voice_en_15946.mp3,en
common_voice_en_24456.mp3,en
common_voice_en_12260.mp3,en
common_voice_en_1506.mp3,en
common_voice_en_3412.mp3,en
common_voice_en_17043.mp3,en
common_voice_en_13366.mp3,en
common_voice_en_10665.mp3,en
common_voice_en_12997.mp3,en
common_voice_en_7861.mp3,en
common_voice_en_551821.mp3,en
common_voice_en_1129.mp3,en
common_voice_en_43183.mp3,en
common_voice_en_9149.mp3,en
common_voice_en_178.mp3,en
common_voice_en_9105.mp3,en
common_voice_en_8593.mp3,en
common_voice_en_9805.mp3,en
common_voice_en_12988.mp3,en
common_voice_en_7858.mp3,en
common_voice_en_13633.mp3,en
common_voice_en_24476.mp3,en
common_voice_en_3553.mp3,en
common_voice_en_13602.mp3,en
common_voice_en_35664.mp3,en
common_voice_en_74491.mp3,en
common_voice_en_18044.mp3,en
common_voice_en_18872.mp3,en
common_voice_en_16631.mp3,en
common_voice_en_1127.mp3,en
common_voice_en_9115.mp3,en
common_voice_en_626.mp3,en
common_voice_en_18963.mp3,en
common_voice_en_17038.mp3,en
common_voice_en_10656.mp3,en
common_voice_en_3397.mp3,en
common_voice_en_1336.mp3,en
common_voice_en_36701.mp3,en
common_voice_en_3398.mp3,en
common_voice_en_9147.mp3,en
common_voice_en_13367.mp3,en
common_voice_en_41656.mp3,en
common_voice_en_24342.mp3,en
common_voice_en_10978.mp3,en
common_voice_en_13610.mp3,en
common_voice_en_15939.mp3,en
common_voice_en_13380.mp3,en
common_voice_en_13628.mp3,en
common_voice_en_9518.mp3,en
common_voice_en_18043.mp3,en
common_voice_en_17047.mp3,en
common_voice_en_7989.mp3,en
common_voice_en_10967.mp3,en
common_voice_en_17201.mp3,en
common_voice_en_2139.mp3,en
common_voice_en_32778.mp3,en
common_voice_en_9096.mp3,en
common_voice_en_3526.mp3,en
common_voice_en_7865.mp3,en
common_voice_en_18053.mp3,en
common_voice_en_18860.mp3,en
common_voice_en_18007.mp3,en
common_voice_en_18883.mp3,en
common_voice_en_24343.mp3,en
common_voice_en_13386.mp3,en
common_voice_en_17224.mp3,en
common_voice_en_16325.mp3,en
common_voice_en_11828.mp3,en
common_voice_en_3402.mp3,en
common_voice_en_9443.mp3,en
common_voice_en_13316.mp3,en
common_voice_en_3520.mp3,en
common_voice_en_20957.mp3,en
common_voice_en_3409.mp3,en
common_voice_en_48541.mp3,en
common_voice_en_2141.mp3,en
common_voice_en_16602.mp3,en
common_voice_en_10987.mp3,en
common_voice_en_9099.mp3,en
common_voice_en_9166.mp3,en
common_voice_en_13311.mp3,en
common_voice_en_44966.mp3,en
common_voice_en_160.mp3,en
common_voice_en_1339.mp3,en
common_voice_en_16312.mp3,en
common_voice_en_12014.mp3,en
common_voice_en_3417.mp3,en
common_voice_en_16245.mp3,en
common_voice_en_10989.mp3,en
common_voice_en_11184.mp3,en
common_voice_en_7991.mp3,en
common_voice_en_11825.mp3,en
common_voice_en_9156.mp3,en
common_voice_en_9163.mp3,en
common_voice_en_11869.mp3,en
common_voice_en_10484.mp3,en
common_voice_en_10992.mp3,en
common_voice_en_9793.mp3,en
common_voice_en_9090.mp3,en
common_voice_en_24405.mp3,en
common_voice_en_48501.mp3,en
common_voice_en_7881.mp3,en
common_voice_en_35281.mp3,en
common_voice_en_17325.mp3,en
common_voice_en_9520.mp3,en
common_voice_en_35522.mp3,en
common_voice_en_13008.mp3,en
common_voice_en_9130.mp3,en
common_voice_en_1509.mp3,en
common_voice_en_11185.mp3,en
common_voice_en_16608.mp3,en
common_voice_en_18943.mp3,en
common_voice_en_3502.mp3,en
common_voice_en_13639.mp3,en
common_voice_en_43180.mp3,en
common_voice_en_20900.mp3,en
common_voice_en_9142.mp3,en
common_voice_en_32974.mp3,en
common_voice_en_166.mp3,en
common_voice_en_16664.mp3,en
common_voice_en_7874.mp3,en
common_voice_en_20214.mp3,en
common_voice_en_24312.mp3,en
common_voice_en_44924.mp3,en
common_voice_en_1114.mp3,en
common_voice_en_7994.mp3,en
common_voice_en_9445.mp3,en
common_voice_en_9127.mp3,en
common_voice_en_13374.mp3,en
common_voice_en_16262.mp3,en
common_voice_en_13582.mp3,en
common_voice_en_13318.mp3,en
common_voice_en_12234.mp3,en
common_voice_en_2133.mp3,en
common_voice_en_10659.mp3,en
common_voice_en_11867.mp3,en
common_voice_en_20965.mp3,en
common_voice_en_3525.mp3,en
common_voice_en_16297.mp3,en
common_voice_en_3407.mp3,en
common_voice_en_45279.mp3,en
common_voice_en_1515.mp3,en
common_voice_en_12978.mp3,en
common_voice_en_177.mp3,en
common_voice_en_10651.mp3,en
common_voice_en_13309.mp3,en
common_voice_en_2138.mp3,en
common_voice_en_1335.mp3,en
common_voice_en_9150.mp3,en
common_voice_en_16284.mp3,en
common_voice_en_1122.mp3,en
common_voice_en_13585.mp3,en
common_voice_en_15940.mp3,en
common_voice_en_16280.mp3,en
common_voice_en_16279.mp3,en
common_voice_en_1343.mp3,en
common_voice_en_13593.mp3,en
common_voice_en_16666.mp3,en
common_voice_en_3419.mp3,en
common_voice_en_13608.mp3,en
common_voice_en_9114.mp3,en
common_voice_en_43176.mp3,en
common_voice_en_9152.mp3,en
common_voice_en_12865.mp3,en
common_voice_en_13353.mp3,en
common_voice_en_75346.mp3,en
common_voice_en_9112.mp3,en
common_voice_en_16264.mp3,en
common_voice_en_9084.mp3,en
common_voice_en_10059.mp3,en
common_voice_en_3420.mp3,en
common_voice_en_13000.mp3,en
common_voice_en_18921.mp3,en
common_voice_en_12031.mp3,en
common_voice_en_11844.mp3,en
common_voice_en_11864.mp3,en
common_voice_en_13626.mp3,en
common_voice_en_16620.mp3,en
common_voice_en_808.mp3,en
common_voice_en_13638.mp3,en
common_voice_en_9521.mp3,en
common_voice_en_13007.mp3,en
common_voice_en_13346.mp3,en
common_voice_en_58102.mp3,en
common_voice_en_16298.mp3,en
common_voice_en_43909.mp3,en
common_voice_en_9121.mp3,en
common_voice_en_7856.mp3,en
common_voice_en_90118.mp3,en
common_voice_en_23552.mp3,en
common_voice_en_48536.mp3,en
common_voice_en_13623.mp3,en
common_voice_en_7871.mp3,en
common_voice_en_513974.mp3,en
common_voice_en_73987.mp3,en
common_voice_en_3513.mp3,en
common_voice_en_20231.mp3,en
common_voice_en_15937.mp3,en
common_voice_en_1219.mp3,en
common_voice_en_9154.mp3,en
common_voice_en_18691.mp3,en
common_voice_en_24480.mp3,en
common_voice_en_13655.mp3,en
common_voice_en_11832.mp3,en
common_voice_en_13330.mp3,en
common_voice_en_13320.mp3,en
common_voice_en_1216.mp3,en
common_voice_en_11804.mp3,en
common_voice_en_16639.mp3,en
common_voice_en_16234.mp3,en
common_voice_en_3533.mp3,en
common_voice_en_16638.mp3,en
common_voice_en_10058.mp3,en
common_voice_en_16621.mp3,en
common_voice_en_9168.mp3,en
common_voice_en_1220.mp3,en
common_voice_en_17984.mp3,en
common_voice_en_87537.mp3,en
common_voice_en_1517.mp3,en
common_voice_en_11187.mp3,en
common_voice_en_16318.mp3,en
common_voice_en_43182.mp3,en
common_voice_en_12254.mp3,en
common_voice_en_3514.mp3,en
common_voice_en_9128.mp3,en
common_voice_en_16290.mp3,en
common_voice_en_11821.mp3,en
common_voice_en_2140.mp3,en
common_voice_en_3523.mp3,en
common_voice_en_12244.mp3,en
common_voice_en_3516.mp3,en
common_voice_en_43171.mp3,en
common_voice_en_9136.mp3,en
common_voice_en_3540.mp3,en
common_voice_en_11822.mp3,en
common_voice_en_18969.mp3,en
common_voice_en_18979.mp3,en
common_voice_en_21008.mp3,en
common_voice_en_11186.mp3,en
common_voice_en_87561.mp3,en
common_voice_en_16305.mp3,en
common_voice_en_16268.mp3,en
common_voice_en_72371.mp3,en
common_voice_en_1125.mp3,en
common_voice_en_16662.mp3,en
common_voice_en_12990.mp3,en
common_voice_en_16260.mp3,en
common_voice_en_9162.mp3,en
common_voice_en_16214.mp3,en
common_voice_en_7880.mp3,en
common_voice_en_16603.mp3,en
common_voice_en_24211.mp3,en
common_voice_en_1342.mp3,en
common_voice_en_41645.mp3,en
common_voice_en_13629.mp3,en
common_voice_en_9132.mp3,en
common_voice_en_9103.mp3,en
common_voice_en_8589.mp3,en
common_voice_en_13657.mp3,en
common_voice_en_3529.mp3,en
common_voice_en_24439.mp3,en
common_voice_en_43185.mp3,en
common_voice_en_16611.mp3,en
common_voice_en_41178.mp3,en
common_voice_en_13643.mp3,en
common_voice_en_13661.mp3,en
common_voice_en_20194.mp3,en
common_voice_en_13312.mp3,en
common_voice_en_12237.mp3,en
common_voice_en_11842.mp3,en
common_voice_en_1113.mp3,en
common_voice_en_16241.mp3,en
common_voice_en_9100.mp3,en
common_voice_en_24529.mp3,en
common_voice_en_1126.mp3,en
common_voice_en_168.mp3,en
common_voice_en_58863.mp3,en
common_voice_en_21020.mp3,en
common_voice_en_10060.mp3,en
common_voice_en_11807.mp3,en
common_voice_en_16596.mp3,en
common_voice_en_10971.mp3,en
common_voice_en_17162.mp3,en
common_voice_en_13333.mp3,en
common_voice_en_9534.mp3,en
common_voice_en_10671.mp3,en
common_voice_en_9117.mp3,en
common_voice_en_13627.mp3,en
common_voice_en_13596.mp3,en
common_voice_en_34815.mp3,en
common_voice_en_9094.mp3,en
common_voice_en_20764.mp3,en
common_voice_en_18051.mp3,en
common_voice_en_9170.mp3,en
common_voice_en_10991.mp3,en
common_voice_en_24267.mp3,en
common_voice_en_9797.mp3,en
common_voice_en_20244.mp3,en
common_voice_en_9153.mp3,en
common_voice_en_10969.mp3,en
common_voice_en_16301.mp3,en
common_voice_en_618.mp3,en
common_voice_en_13607.mp3,en
common_voice_en_16319.mp3,en
common_voice_en_16324.mp3,en
common_voice_en_10980.mp3,en
common_voice_en_20638.mp3,en
common_voice_en_32792.mp3,en
common_voice_en_18916.mp3,en
common_voice_en_172.mp3,en
common_voice_en_3534.mp3,en
common_voice_en_10639.mp3,en
common_voice_en_13361.mp3,en
common_voice_en_12985.mp3,en
common_voice_en_9151.mp3,en
common_voice_en_13755.mp3,en
common_voice_en_48540.mp3,en
common_voice_en_1331.mp3,en
common_voice_en_8597.mp3,en
common_voice_en_48518.mp3,en
common_voice_en_15944.mp3,en
common_voice_en_16660.mp3,en
common_voice_en_16248.mp3,en
common_voice_en_3531.mp3,en
common_voice_en_18046.mp3,en
common_voice_en_12243.mp3,en
common_voice_en_1510.mp3,en
common_voice_en_3512.mp3,en
common_voice_en_1333.mp3,en
common_voice_en_13304.mp3,en
common_voice_en_13666.mp3,en
common_voice_en_13363.mp3,en
common_voice_en_20629.mp3,en
common_voice_en_20212.mp3,en
common_voice_en_36957.mp3,en
common_voice_en_9155.mp3,en
common_voice_en_11813.mp3,en
common_voice_en_16650.mp3,en
common_voice_en_9172.mp3,en
common_voice_en_13369.mp3,en
common_voice_en_20652.mp3,en
common_voice_en_9525.mp3,en
common_voice_en_23536.mp3,en
common_voice_en_24378.mp3,en
common_voice_en_13617.mp3,en
common_voice_en_13653.mp3,en
common_voice_en_16610.mp3,en
common_voice_en_18006.mp3,en
common_voice_en_13314.mp3,en
common_voice_en_13618.mp3,en
common_voice_en_8603.mp3,en
common_voice_en_3401.mp3,en
common_voice_en_16216.mp3,en
common_voice_en_16221.mp3,en
common_voice_en_7853.mp3,en
common_voice_en_35672.mp3,en
common_voice_en_13615.mp3,en
common_voice_en_161.mp3,en
common_voice_en_13301.mp3,en
common_voice_en_12256.mp3,en
common_voice_en_58489.mp3,en
common_voice_en_10662.mp3,en
common_voice_en_45191.mp3,en
common_voice_en_3518.mp3,en
common_voice_en_41643.mp3,en
common_voice_en_48539.mp3,en
common_voice_en_10640.mp3,en
common_voice_en_13658.mp3,en
common_voice_en_121114.mp3,en
common_voice_en_16612.mp3,en
common_voice_en_9116.mp3,en
common_voice_en_19077.mp3,en
common_voice_en_13579.mp3,en
common_voice_en_9118.mp3,en
common_voice_en_16322.mp3,en
common_voice_en_45281.mp3,en
common_voice_en_13302.mp3,en
common_voice_en_2132.mp3,en
common_voice_en_9545.mp3,en
common_voice_en_11805.mp3,en
common_voice_en_12940.mp3,en
common_voice_en_11827.mp3,en
common_voice_en_18974.mp3,en
common_voice_en_16646.mp3,en
common_voice_en_16225.mp3,en
common_voice_en_3517.mp3,en
common_voice_en_3403.mp3,en
common_voice_en_13603.mp3,en
common_voice_en_13350.mp3,en
common_voice_en_13625.mp3,en
common_voice_en_9135.mp3,en
common_voice_en_10973.mp3,en
common_voice_en_813.mp3,en
common_voice_en_13365.mp3,en
common_voice_en_45278.mp3,en
common_voice_en_74652.mp3,en
common_voice_en_16217.mp3,en
common_voice_en_13578.mp3,en
common_voice_en_3418.mp3,en
common_voice_en_12253.mp3,en
common_voice_en_1131.mp3,en
common_voice_en_1123.mp3,en
common_voice_en_17028.mp3,en
common_voice_en_16212.mp3,en
common_voice_en_9802.mp3,en
common_voice_en_10652.mp3,en
common_voice_en_16287.mp3,en
common_voice_en_13613.mp3,en
common_voice_en_21003.mp3,en
common_voice_en_164.mp3,en
common_voice_en_3504.mp3,en
common_voice_en_1212.mp3,en
common_voice_en_16616.mp3,en
common_voice_en_11816.mp3,en
common_voice_en_17200.mp3,en
common_voice_en_16293.mp3,en
common_voice_en_12239.mp3,en
common_voice_en_13589.mp3,en
common_voice_en_12977.mp3,en
common_voice_en_17253.mp3,en
common_voice_en_13606.mp3,en
common_voice_en_12989.mp3,en
common_voice_en_620.mp3,en
common_voice_en_9085.mp3,en
common_voice_en_9171.mp3,en
common_voice_en_16316.mp3,en
common_voice_en_15151.mp3,en
common_voice_en_7872.mp3,en
common_voice_en_9086.mp3,en
common_voice_en_16303.mp3,en
common_voice_en_24247.mp3,en
common_voice_en_13577.mp3,en
common_voice_en_13342.mp3,en
common_voice_en_10981.mp3,en
common_voice_en_35290.mp3,en
common_voice_en_31594.mp3,en
common_voice_en_13636.mp3,en
common_voice_en_12987.mp3,en
common_voice_en_9141.mp3,en
common_voice_en_7851.mp3,en
common_voice_en_82862.mp3,en
common_voice_en_3532.mp3,en
common_voice_en_1208.mp3,en
common_voice_en_19034.mp3,en
common_voice_en_11823.mp3,en
common_voice_en_24444.mp3,en
common_voice_en_3546.mp3,en
common_voice_en_13354.mp3,en
common_voice_en_9516.mp3,en
common_voice_en_32782.mp3,en
common_voice_en_8596.mp3,en
common_voice_en_44835.mp3,en
common_voice_en_42011.mp3,en
common_voice_en_12242.mp3,en
common_voice_en_1330.mp3,en
common_voice_en_10986.mp3,en
common_voice_en_16237.mp3,en
common_voice_en_3511.mp3,en
common_voice_en_12037.mp3,en
common_voice_en_174.mp3,en
common_voice_en_9088.mp3,en
common_voice_en_9800.mp3,en
common_voice_en_803.mp3,en
common_voice_en_11806.mp3,en
common_voice_en_10654.mp3,en
common_voice_en_16321.mp3,en
common_voice_en_43184.mp3,en
common_voice_en_18865.mp3,en
common_voice_en_24438.mp3,en
common_voice_en_1512.mp3,en
common_voice_en_1221.mp3,en
common_voice_en_121087.mp3,en
common_voice_en_24295.mp3,en
common_voice_en_19022.mp3,en
common_voice_en_12329.mp3,en
common_voice_en_10994.mp3,en
common_voice_en_16294.mp3,en
common_voice_en_43177.mp3,en
common_voice_en_49230.mp3,en
common_voice_en_3537.mp3,en
common_voice_en_12255.mp3,en
common_voice_en_1210.mp3,en
common_voice_es_18311427.mp3,es
common_voice_es_18318070.mp3,es
common_voice_es_18307296.mp3,es
common_voice_es_18311467.mp3,es
common_voice_es_18312040.mp3,es
common_voice_es_18312482.mp3,es
common_voice_es_18321922.mp3,es
common_voice_es_18325536.mp3,es
common_voice_es_18311057.mp3,es
common_voice_es_18311210.mp3,es
common_voice_es_18306589.mp3,es
common_voice_es_18311214.mp3,es
common_voice_es_18311141.mp3,es
common_voice_es_18306604.mp3,es
common_voice_es_18313993.mp3,es
common_voice_es_18342457.mp3,es
common_voice_es_18331586.mp3,es
common_voice_es_18322380.mp3,es
common_voice_es_18849724.mp3,es
common_voice_es_18312032.mp3,es
common_voice_es_18325658.mp3,es
common_voice_es_18322077.mp3,es
common_voice_es_18311211.mp3,es
common_voice_es_18336319.mp3,es
common_voice_es_18311221.mp3,es
common_voice_es_18311124.mp3,es
common_voice_es_18325612.mp3,es
common_voice_es_18322523.mp3,es
common_voice_es_18321466.mp3,es
common_voice_es_18342465.mp3,es
common_voice_es_18322323.mp3,es
common_voice_es_18311230.mp3,es
common_voice_es_18631834.mp3,es
common_voice_es_18311235.mp3,es
common_voice_es_18311242.mp3,es
common_voice_es_18330691.mp3,es
common_voice_es_18331600.mp3,es
common_voice_es_18322027.mp3,es
common_voice_es_18517431.mp3,es
common_voice_es_18314042.mp3,es
common_voice_es_18320254.mp3,es
common_voice_es_18320659.mp3,es
common_voice_es_18576459.mp3,es
common_voice_es_18307342.mp3,es
common_voice_es_18307329.mp3,es
common_voice_es_18322837.mp3,es
common_voice_es_18336327.mp3,es
common_voice_es_18312331.mp3,es
common_voice_es_18311063.mp3,es
common_voice_es_18576428.mp3,es
common_voice_es_18312049.mp3,es
common_voice_es_18321488.mp3,es
common_voice_es_18311114.mp3,es
common_voice_es_18325573.mp3,es
common_voice_es_18336273.mp3,es
common_voice_es_18308709.mp3,es
common_voice_es_18306830.mp3,es
common_voice_es_18306822.mp3,es
common_voice_es_18311027.mp3,es
common_voice_es_18326271.mp3,es
common_voice_es_18311256.mp3,es
common_voice_es_18339461.mp3,es
common_voice_es_18321520.mp3,es
common_voice_es_18306632.mp3,es
common_voice_es_18312463.mp3,es
common_voice_es_18311134.mp3,es
common_voice_es_18322583.mp3,es
common_voice_es_18307268.mp3,es
common_voice_es_18339330.mp3,es
common_voice_es_18326693.mp3,es
common_voice_es_18324376.mp3,es
common_voice_es_18318073.mp3,es
common_voice_es_18322063.mp3,es
common_voice_es_18306844.mp3,es
common_voice_es_18310078.mp3,es
common_voice_es_18336340.mp3,es
common_voice_es_18339548.mp3,es
common_voice_es_18330895.mp3,es
common_voice_es_18307291.mp3,es
common_voice_es_18322418.mp3,es
common_voice_es_18322449.mp3,es
common_voice_es_18322324.mp3,es
common_voice_es_18318159.mp3,es
common_voice_es_18321957.mp3,es
common_voice_es_18322025.mp3,es
common_voice_es_18849677.mp3,es
common_voice_es_18312489.mp3,es
common_voice_es_18313964.mp3,es
common_voice_es_18322326.mp3,es
common_voice_es_18342215.mp3,es
common_voice_es_18336429.mp3,es
common_voice_es_18312333.mp3,es
common_voice_es_18576430.mp3,es
common_voice_es_18306630.mp3,es
common_voice_es_18311438.mp3,es
common_voice_es_18322064.mp3,es
common_voice_es_18342517.mp3,es
common_voice_es_18306567.mp3,es
common_voice_es_18318096.mp3,es
common_voice_es_18307331.mp3,es
common_voice_es_18330888.mp3,es
common_voice_es_18311206.mp3,es
common_voice_es_18320702.mp3,es
common_voice_es_18322602.mp3,es
common_voice_es_18322434.mp3,es
common_voice_es_18863594.mp3,es
common_voice_es_18325540.mp3,es
common_voice_es_18307258.mp3,es
common_voice_es_18330692.mp3,es
common_voice_es_18312047.mp3,es
common_voice_es_18325568.mp3,es
common_voice_es_18312029.mp3,es
common_voice_es_18322572.mp3,es
common_voice_es_18330898.mp3,es
common_voice_es_18326250.mp3,es
common_voice_es_18325570.mp3,es
common_voice_es_18322536.mp3,es
common_voice_es_18311187.mp3,es
common_voice_es_18308714.mp3,es
common_voice_es_18326241.mp3,es
common_voice_es_18312332.mp3,es
common_voice_es_18330693.mp3,es
common_voice_es_18330700.mp3,es
common_voice_es_18322069.mp3,es
common_voice_es_18339518.mp3,es
common_voice_es_18330891.mp3,es
common_voice_es_18326259.mp3,es
common_voice_es_18629482.mp3,es
common_voice_es_18311137.mp3,es
common_voice_es_18326258.mp3,es
common_voice_es_18631715.mp3,es
common_voice_es_18321487.mp3,es
common_voice_es_18325537.mp3,es
common_voice_es_18322398.mp3,es
common_voice_es_18330678.mp3,es
common_voice_es_18336335.mp3,es
common_voice_es_18321499.mp3,es
common_voice_es_18322573.mp3,es
common_voice_es_18311145.mp3,es
common_voice_es_18311441.mp3,es
common_voice_es_18325601.mp3,es
common_voice_es_18311045.mp3,es
common_voice_es_18320696.mp3,es
common_voice_es_18339541.mp3,es
common_voice_es_18310030.mp3,es
common_voice_es_18895802.mp3,es
common_voice_es_18311248.mp3,es
common_voice_es_18308710.mp3,es
common_voice_es_18307293.mp3,es
common_voice_es_18403163.mp3,es
common_voice_es_18322397.mp3,es
common_voice_es_18832145.mp3,es
common_voice_es_18336451.mp3,es
common_voice_es_18306592.mp3,es
common_voice_es_18311011.mp3,es
common_voice_es_18310635.mp3,es
common_voice_es_18311209.mp3,es
common_voice_es_18307255.mp3,es
common_voice_es_18312037.mp3,es
common_voice_es_18309705.mp3,es
common_voice_es_18312018.mp3,es
common_voice_es_18321500.mp3,es
common_voice_es_18318122.mp3,es
common_voice_es_18325566.mp3,es
common_voice_es_18312035.mp3,es
common_voice_es_18312464.mp3,es
common_voice_es_18311240.mp3,es
common_voice_es_18318149.mp3,es
common_voice_es_18311122.mp3,es
common_voice_es_18322596.mp3,es
common_voice_es_18337511.mp3,es
common_voice_es_18312465.mp3,es
common_voice_es_18321498.mp3,es
common_voice_es_18322863.mp3,es
common_voice_es_18736575.mp3,es
common_voice_es_18311233.mp3,es
common_voice_es_18312230.mp3,es
common_voice_es_18336345.mp3,es
common_voice_es_18322532.mp3,es
common_voice_es_18322641.mp3,es
common_voice_es_18832127.mp3,es
common_voice_es_18701222.mp3,es
common_voice_es_18306916.mp3,es
common_voice_es_18322029.mp3,es
common_voice_es_18336311.mp3,es
common_voice_es_18322611.mp3,es
common_voice_es_18311199.mp3,es
common_voice_es_18322540.mp3,es
common_voice_es_18753757.mp3,es
common_voice_es_18322910.mp3,es
common_voice_es_18311042.mp3,es
common_voice_es_18311130.mp3,es
common_voice_es_18306568.mp3,es
common_voice_es_18311059.mp3,es
common_voice_es_18313992.mp3,es
common_voice_es_18311127.mp3,es
common_voice_es_18321464.mp3,es
common_voice_es_18318109.mp3,es
common_voice_es_18339537.mp3,es
common_voice_es_18337514.mp3,es
common_voice_es_18336318.mp3,es
common_voice_es_18331603.mp3,es
common_voice_es_18311246.mp3,es
common_voice_es_18308711.mp3,es
common_voice_es_18339434.mp3,es
common_voice_es_18311201.mp3,es
common_voice_es_18325557.mp3,es
common_voice_es_18330697.mp3,es
common_voice_es_18318071.mp3,es
common_voice_es_18339449.mp3,es
common_voice_es_18311212.mp3,es
common_voice_es_18312270.mp3,es
common_voice_es_18321511.mp3,es
common_voice_es_18321490.mp3,es
common_voice_es_18574299.mp3,es
common_voice_es_18318068.mp3,es
common_voice_es_18322355.mp3,es
common_voice_es_18339459.mp3,es
common_voice_es_18318102.mp3,es
common_voice_es_18737249.mp3,es
common_voice_es_18325636.mp3,es
common_voice_es_18318161.mp3,es
common_voice_es_18312292.mp3,es
common_voice_es_18322414.mp3,es
common_voice_es_18322286.mp3,es
common_voice_es_18311161.mp3,es
common_voice_es_18311172.mp3,es
common_voice_es_18306579.mp3,es
common_voice_es_18322365.mp3,es
common_voice_es_18322612.mp3,es
common_voice_es_18311253.mp3,es
common_voice_es_18314001.mp3,es
common_voice_es_18326244.mp3,es
common_voice_es_18310631.mp3,es
common_voice_es_18311196.mp3,es
common_voice_es_18318072.mp3,es
common_voice_es_18330670.mp3,es
common_voice_es_18311252.mp3,es
common_voice_es_18322065.mp3,es
common_voice_es_18330699.mp3,es
common_voice_es_18324375.mp3,es
common_voice_es_18322635.mp3,es
common_voice_es_18311040.mp3,es
common_voice_es_18340474.mp3,es
common_voice_es_18324367.mp3,es
common_voice_es_18312226.mp3,es
common_voice_es_18321992.mp3,es
common_voice_es_18312343.mp3,es
common_voice_es_18311456.mp3,es
common_voice_es_18330896.mp3,es
common_voice_es_18833310.mp3,es
common_voice_es_18327840.mp3,es
common_voice_es_18311247.mp3,es
common_voice_es_18325575.mp3,es
common_voice_es_18322473.mp3,es
common_voice_es_18322538.mp3,es
common_voice_es_18322035.mp3,es
common_voice_es_18312476.mp3,es
common_voice_es_18322645.mp3,es
common_voice_es_18310026.mp3,es
common_voice_es_18328658.mp3,es
common_voice_es_18702594.mp3,es
common_voice_es_18310628.mp3,es
common_voice_es_18325521.mp3,es
common_voice_es_18311083.mp3,es
common_voice_es_18306884.mp3,es
common_voice_es_18323377.mp3,es
common_voice_es_18312030.mp3,es
common_voice_es_18320256.mp3,es
common_voice_es_18337506.mp3,es
common_voice_es_18325569.mp3,es
common_voice_es_18322644.mp3,es
common_voice_es_18311175.mp3,es
common_voice_es_18322352.mp3,es
common_voice_es_18311143.mp3,es
common_voice_es_18306886.mp3,es
common_voice_es_18311421.mp3,es
common_voice_es_18832126.mp3,es
common_voice_es_18322071.mp3,es
common_voice_es_18311158.mp3,es
common_voice_es_18313999.mp3,es
common_voice_es_18306591.mp3,es
common_voice_es_18312341.mp3,es
common_voice_es_18318093.mp3,es
common_voice_es_18325617.mp3,es
common_voice_es_18336312.mp3,es
common_voice_es_18737252.mp3,es
common_voice_es_18336438.mp3,es
common_voice_es_18312281.mp3,es
common_voice_es_18311015.mp3,es
common_voice_es_18318132.mp3,es
common_voice_es_18321494.mp3,es
common_voice_es_18318065.mp3,es
common_voice_es_18318133.mp3,es
common_voice_es_18325581.mp3,es
common_voice_es_18310632.mp3,es
common_voice_es_18325571.mp3,es
common_voice_es_18311104.mp3,es
common_voice_es_18306915.mp3,es
common_voice_es_18322361.mp3,es
common_voice_es_18311245.mp3,es
common_voice_es_18336328.mp3,es
common_voice_es_18322483.mp3,es
common_voice_es_18330682.mp3,es
common_voice_es_18337503.mp3,es
common_voice_es_18306821.mp3,es
common_voice_es_18320698.mp3,es
common_voice_es_18311012.mp3,es
common_voice_es_18311194.mp3,es
common_voice_es_18325574.mp3,es
common_voice_es_18306870.mp3,es
common_voice_es_18310025.mp3,es
common_voice_es_18336321.mp3,es
common_voice_es_18306607.mp3,es
common_voice_es_18849290.mp3,es
common_voice_es_18576453.mp3,es
common_voice_es_18312457.mp3,es
common_voice_es_18311183.mp3,es
common_voice_es_18324372.mp3,es
common_voice_es_18336297.mp3,es
common_voice_es_18321522.mp3,es
common_voice_es_18311219.mp3,es
common_voice_es_18311129.mp3,es
common_voice_es_18318091.mp3,es
common_voice_es_18331574.mp3,es
common_voice_es_18318127.mp3,es
common_voice_es_18307298.mp3,es
common_voice_es_18311444.mp3,es
common_voice_es_18306823.mp3,es
common_voice_es_18331591.mp3,es
common_voice_es_18306871.mp3,es
common_voice_es_18337490.mp3,es
common_voice_es_18306914.mp3,es
common_voice_es_18336282.mp3,es
common_voice_es_18311454.mp3,es
common_voice_es_18311434.mp3,es
common_voice_es_18318087.mp3,es
common_voice_es_18321990.mp3,es
common_voice_es_18336437.mp3,es
common_voice_es_18324377.mp3,es
common_voice_es_18313966.mp3,es
common_voice_es_18321477.mp3,es
common_voice_es_18325615.mp3,es
common_voice_es_18336369.mp3,es
common_voice_es_18322865.mp3,es
common_voice_es_18323330.mp3,es
common_voice_es_18337549.mp3,es
common_voice_es_18306634.mp3,es
common_voice_es_18322302.mp3,es
common_voice_es_18336454.mp3,es
common_voice_es_18320253.mp3,es
common_voice_es_18307761.mp3,es
common_voice_es_18321476.mp3,es
common_voice_es_18339436.mp3,es
common_voice_es_18325527.mp3,es
common_voice_es_18343076.mp3,es
common_voice_es_18325556.mp3,es
common_voice_es_18726104.mp3,es
common_voice_es_18313967.mp3,es
common_voice_es_18695777.mp3,es
common_voice_es_18343002.mp3,es
common_voice_es_18322571.mp3,es
common_voice_es_18306544.mp3,es
common_voice_es_18312454.mp3,es
common_voice_es_18322899.mp3,es
common_voice_es_18310633.mp3,es
common_voice_es_18322400.mp3,es
common_voice_es_18306547.mp3,es
common_voice_es_18320255.mp3,es
common_voice_es_18318089.mp3,es
common_voice_es_18311422.mp3,es
common_voice_es_18321955.mp3,es
common_voice_es_18311068.mp3,es
common_voice_es_18342805.mp3,es
common_voice_es_18311250.mp3,es
common_voice_es_18321501.mp3,es
common_voice_es_18311470.mp3,es
common_voice_es_18330672.mp3,es
common_voice_es_18313990.mp3,es
common_voice_es_18322864.mp3,es
common_voice_es_18311461.mp3,es
common_voice_es_18342428.mp3,es
common_voice_es_18831952.mp3,es
common_voice_es_18311452.mp3,es
common_voice_es_18310629.mp3,es
common_voice_es_18325614.mp3,es
common_voice_es_18336446.mp3,es
common_voice_es_18314000.mp3,es
common_voice_es_18312459.mp3,es
common_voice_es_18318067.mp3,es
common_voice_es_18318094.mp3,es
common_voice_es_18337507.mp3,es
common_voice_es_18336432.mp3,es
common_voice_es_18327739.mp3,es
common_voice_es_18311217.mp3,es
common_voice_es_18816829.mp3,es
common_voice_es_18311419.mp3,es
common_voice_es_18330704.mp3,es
common_voice_es_18339315.mp3,es
common_voice_es_18322023.mp3,es
common_voice_es_18336298.mp3,es
common_voice_es_18322417.mp3,es
common_voice_es_18330681.mp3,es
common_voice_es_18311223.mp3,es
common_voice_es_18331587.mp3,es
common_voice_es_18311197.mp3,es
common_voice_es_18311202.mp3,es
common_voice_es_18737253.mp3,es
common_voice_es_18313989.mp3,es
common_voice_es_18322633.mp3,es
common_voice_es_18307267.mp3,es
common_voice_es_18306917.mp3,es
common_voice_es_18325767.mp3,es
common_voice_es_18336428.mp3,es
common_voice_es_18311425.mp3,es
common_voice_es_18310630.mp3,es
common_voice_es_18324366.mp3,es
common_voice_es_18336339.mp3,es
common_voice_es_18311128.mp3,es
common_voice_es_18307306.mp3,es
common_voice_es_18318157.mp3,es
common_voice_es_18339333.mp3,es
common_voice_es_18342436.mp3,es
common_voice_es_18326266.mp3,es
common_voice_es_18330899.mp3,es
common_voice_es_18311218.mp3,es
common_voice_es_18312323.mp3,es
common_voice_es_18322019.mp3,es
common_voice_es_18326694.mp3,es
common_voice_es_18311016.mp3,es
common_voice_es_18325638.mp3,es
common_voice_es_18311430.mp3,es
common_voice_es_18322067.mp3,es
common_voice_es_18318123.mp3,es
common_voice_es_18576427.mp3,es
common_voice_es_18309698.mp3,es
common_voice_es_18311416.mp3,es
common_voice_es_18311455.mp3,es
common_voice_es_18311017.mp3,es
common_voice_es_18311069.mp3,es
common_voice_es_18306606.mp3,es
common_voice_es_18322839.mp3,es
common_voice_es_18322548.mp3,es
common_voice_es_18322546.mp3,es
common_voice_es_18322559.mp3,es
common_voice_es_18336366.mp3,es
common_voice_es_18321918.mp3,es
common_voice_es_18318066.mp3,es
common_voice_es_18312244.mp3,es
common_voice_es_18311046.mp3,es
common_voice_es_18311078.mp3,es
common_voice_es_18311173.mp3,es
common_voice_es_18314040.mp3,es
common_voice_es_18311142.mp3,es
common_voice_es_18321475.mp3,es
common_voice_es_18311123.mp3,es
common_voice_es_18311239.mp3,es
common_voice_es_18853110.mp3,es
common_voice_es_18307294.mp3,es
common_voice_es_18318108.mp3,es
common_voice_es_18324378.mp3,es
common_voice_es_18336370.mp3,es
common_voice_es_18321988.mp3,es
common_voice_es_18311449.mp3,es
common_voice_es_18306888.mp3,es
common_voice_es_18311166.mp3,es
common_voice_es_18342891.mp3,es
common_voice_es_18339359.mp3,es
common_voice_es_18339316.mp3,es
common_voice_es_18307301.mp3,es
common_voice_es_18311437.mp3,es
common_voice_es_18306583.mp3,es
common_voice_es_18311125.mp3,es
common_voice_es_18307307.mp3,es
common_voice_es_18574296.mp3,es
common_voice_es_18311176.mp3,es
common_voice_es_18311036.mp3,es
common_voice_es_18311241.mp3,es
common_voice_es_18311216.mp3,es
common_voice_es_18721887.mp3,es
common_voice_es_18322032.mp3,es
common_voice_es_18311182.mp3,es
common_voice_es_18342438.mp3,es
common_voice_es_18339550.mp3,es
common_voice_es_18307284.mp3,es
common_voice_es_18737256.mp3,es
common_voice_es_18331593.mp3,es
common_voice_es_18323337.mp3,es
common_voice_es_18312471.mp3,es
common_voice_es_18336362.mp3,es
common_voice_es_18311055.mp3,es
common_voice_es_18314002.mp3,es
common_voice_es_18336390.mp3,es
common_voice_es_18327842.mp3,es
common_voice_es_18322481.mp3,es
common_voice_es_18311458.mp3,es
common_voice_es_18312043.mp3,es
common_voice_es_18311447.mp3,es
common_voice_es_18311135.mp3,es
common_voice_es_18325605.mp3,es
common_voice_es_18310028.mp3,es
common_voice_es_18311053.mp3,es
common_voice_es_18311020.mp3,es
common_voice_es_18342228.mp3,es
common_voice_es_18326681.mp3,es
common_voice_es_18311435.mp3,es
common_voice_es_18576429.mp3,es
common_voice_es_18576456.mp3,es
common_voice_es_18342227.mp3,es
common_voice_es_18337512.mp3,es
common_voice_es_18312016.mp3,es
common_voice_es_18312028.mp3,es
common_voice_es_18307266.mp3,es
common_voice_es_18694537.mp3,es
common_voice_es_18311224.mp3,es
common_voice_es_18311081.mp3,es
common_voice_es_18321485.mp3,es
common_voice_es_18322388.mp3,es
common_voice_es_18306546.mp3,es
common_voice_es_18321953.mp3,es
common_voice_es_18306626.mp3,es
common_voice_es_18306627.mp3,es
common_voice_es_18322514.mp3,es
common_voice_es_18737246.mp3,es
common_voice_es_18306624.mp3,es
common_voice_es_18321519.mp3,es
common_voice_es_18311254.mp3,es
common_voice_es_18318101.mp3,es
common_voice_es_18311190.mp3,es
common_voice_es_18336402.mp3,es
common_voice_es_18307287.mp3,es
common_voice_es_18311236.mp3,es
common_voice_es_18306594.mp3,es
common_voice_es_18737250.mp3,es
common_voice_es_18306887.mp3,es
common_voice_es_18325619.mp3,es
common_voice_es_18330689.mp3,es
common_voice_es_18311208.mp3,es
common_voice_es_18336288.mp3,es
common_voice_es_18311132.mp3,es
common_voice_es_18330897.mp3,es
common_voice_es_18311113.mp3,es
common_voice_es_18336384.mp3,es
common_voice_es_18337521.mp3,es
common_voice_es_18326665.mp3,es
common_voice_es_18322618.mp3,es
common_voice_es_18308712.mp3,es
common_voice_es_18314043.mp3,es
common_voice_es_18311428.mp3,es
common_voice_es_18322283.mp3,es
common_voice_es_18311469.mp3,es
common_voice_es_18306831.mp3,es
common_voice_es_18336314.mp3,es
common_voice_es_18322451.mp3,es
common_voice_es_18311462.mp3,es
common_voice_es_18576454.mp3,es
common_voice_es_18311159.mp3,es
common_voice_es_18311185.mp3,es
common_voice_es_18312027.mp3,es
common_voice_es_18863585.mp3,es
common_voice_es_18331592.mp3,es
common_voice_es_18312045.mp3,es
common_voice_es_18323333.mp3,es
common_voice_es_18311126.mp3,es
common_voice_es_18330696.mp3,es
common_voice_es_18313991.mp3,es
common_voice_es_18816183.mp3,es
common_voice_es_18323332.mp3,es
common_voice_es_18342223.mp3,es
common_voice_es_18322617.mp3,es
common_voice_es_18336455.mp3,es
common_voice_es_18312041.mp3,es
common_voice_es_18312261.mp3,es
common_voice_es_18307265.mp3,es
common_voice_es_18318125.mp3,es
common_voice_es_18321509.mp3,es
common_voice_es_18311154.mp3,es
common_voice_es_18327737.mp3,es
common_voice_es_18330988.mp3,es
common_voice_es_18322076.mp3,es
common_voice_es_18326649.mp3,es
common_voice_es_18321486.mp3,es
common_voice_es_18308715.mp3,es
common_voice_es_18336405.mp3,es
common_voice_es_18336275.mp3,es
common_voice_es_18325584.mp3,es
common_voice_es_18311188.mp3,es
common_voice_es_18576455.mp3,es
common_voice_es_18324371.mp3,es
common_voice_es_18320699.mp3,es
common_voice_es_18307346.mp3,es
common_voice_es_18320656.mp3,es
common_voice_es_18311453.mp3,es
common_voice_es_18318147.mp3,es
common_voice_es_18574297.mp3,es
common_voice_es_18311234.mp3,es
common_voice_es_18325629.mp3,es
common_voice_es_18310027.mp3,es
common_voice_es_18322509.mp3,es
common_voice_es_18307289.mp3,es
common_voice_zh-CN_18660153.mp3,zh-CN
common_voice_zh-CN_18773424.mp3,zh-CN
common_voice_zh-CN_18825807.mp3,zh-CN
common_voice_zh-CN_18536468.mp3,zh-CN
common_voice_zh-CN_18536466.mp3,zh-CN
common_voice_zh-CN_18771566.mp3,zh-CN
common_voice_zh-CN_18536381.mp3,zh-CN
common_voice_zh-CN_18771520.mp3,zh-CN
common_voice_zh-CN_18660001.mp3,zh-CN
common_voice_zh-CN_18650546.mp3,zh-CN
common_voice_zh-CN_18571524.mp3,zh-CN
common_voice_zh-CN_18650585.mp3,zh-CN
common_voice_zh-CN_18776300.mp3,zh-CN
common_voice_zh-CN_18650636.mp3,zh-CN
common_voice_zh-CN_18776166.mp3,zh-CN
common_voice_zh-CN_18828679.mp3,zh-CN
common_voice_zh-CN_18776257.mp3,zh-CN
common_voice_zh-CN_18659915.mp3,zh-CN
common_voice_zh-CN_18776183.mp3,zh-CN
common_voice_zh-CN_18813651.mp3,zh-CN
common_voice_zh-CN_18775181.mp3,zh-CN
common_voice_zh-CN_18772228.mp3,zh-CN
common_voice_zh-CN_18895703.mp3,zh-CN
common_voice_zh-CN_18776098.mp3,zh-CN
common_voice_zh-CN_18650559.mp3,zh-CN
common_voice_zh-CN_18660225.mp3,zh-CN
common_voice_zh-CN_18810449.mp3,zh-CN
common_voice_zh-CN_18802081.mp3,zh-CN
common_voice_zh-CN_18536594.mp3,zh-CN
common_voice_zh-CN_18531543.mp3,zh-CN
common_voice_zh-CN_18776255.mp3,zh-CN
common_voice_zh-CN_18776293.mp3,zh-CN
common_voice_zh-CN_18825805.mp3,zh-CN
common_voice_zh-CN_18779238.mp3,zh-CN
common_voice_zh-CN_18773351.mp3,zh-CN
common_voice_zh-CN_18660052.mp3,zh-CN
common_voice_zh-CN_18665351.mp3,zh-CN
common_voice_zh-CN_18829091.mp3,zh-CN
common_voice_zh-CN_18828710.mp3,zh-CN
common_voice_zh-CN_18776265.mp3,zh-CN
common_voice_zh-CN_18810338.mp3,zh-CN
common_voice_zh-CN_18811820.mp3,zh-CN
common_voice_zh-CN_18536413.mp3,zh-CN
common_voice_zh-CN_18536465.mp3,zh-CN
common_voice_zh-CN_18773372.mp3,zh-CN
common_voice_zh-CN_18660195.mp3,zh-CN
common_voice_zh-CN_18792623.mp3,zh-CN
common_voice_zh-CN_18775928.mp3,zh-CN
common_voice_zh-CN_18531569.mp3,zh-CN
common_voice_zh-CN_18571630.mp3,zh-CN
common_voice_zh-CN_18811801.mp3,zh-CN
common_voice_zh-CN_18810213.mp3,zh-CN
common_voice_zh-CN_18810216.mp3,zh-CN
common_voice_zh-CN_18536597.mp3,zh-CN
common_voice_zh-CN_18821376.mp3,zh-CN
common_voice_zh-CN_18536493.mp3,zh-CN
common_voice_zh-CN_18536457.mp3,zh-CN
common_voice_zh-CN_18776171.mp3,zh-CN
common_voice_zh-CN_18776083.mp3,zh-CN
common_voice_zh-CN_18771794.mp3,zh-CN
common_voice_zh-CN_18776272.mp3,zh-CN
common_voice_zh-CN_18829090.mp3,zh-CN
common_voice_zh-CN_18536503.mp3,zh-CN
common_voice_zh-CN_18811819.mp3,zh-CN
common_voice_zh-CN_18821290.mp3,zh-CN
common_voice_zh-CN_18811790.mp3,zh-CN
common_voice_zh-CN_18536438.mp3,zh-CN
common_voice_zh-CN_18536459.mp3,zh-CN
common_voice_zh-CN_18718176.mp3,zh-CN
common_voice_zh-CN_18811879.mp3,zh-CN
common_voice_zh-CN_18650572.mp3,zh-CN
common_voice_zh-CN_18650520.mp3,zh-CN
common_voice_zh-CN_18650634.mp3,zh-CN
common_voice_zh-CN_18536397.mp3,zh-CN
common_voice_zh-CN_18832415.mp3,zh-CN
common_voice_zh-CN_18832414.mp3,zh-CN
common_voice_zh-CN_18802078.mp3,zh-CN
common_voice_zh-CN_18660154.mp3,zh-CN
common_voice_zh-CN_18776321.mp3,zh-CN
common_voice_zh-CN_18825796.mp3,zh-CN
common_voice_zh-CN_18772060.mp3,zh-CN
common_voice_zh-CN_18792717.mp3,zh-CN
common_voice_zh-CN_18776339.mp3,zh-CN
common_voice_zh-CN_18811841.mp3,zh-CN
common_voice_zh-CN_18776299.mp3,zh-CN
common_voice_zh-CN_18779239.mp3,zh-CN
common_voice_zh-CN_18802154.mp3,zh-CN
common_voice_zh-CN_18531557.mp3,zh-CN
common_voice_zh-CN_18650544.mp3,zh-CN
common_voice_zh-CN_18825799.mp3,zh-CN
common_voice_zh-CN_18660196.mp3,zh-CN
common_voice_zh-CN_18776100.mp3,zh-CN
common_voice_zh-CN_18821363.mp3,zh-CN
common_voice_zh-CN_18773857.mp3,zh-CN
common_voice_zh-CN_18776131.mp3,zh-CN
common_voice_zh-CN_18828680.mp3,zh-CN
common_voice_zh-CN_18743164.mp3,zh-CN
common_voice_zh-CN_18531544.mp3,zh-CN
common_voice_zh-CN_18825789.mp3,zh-CN
common_voice_zh-CN_18571516.mp3,zh-CN
common_voice_zh-CN_18792626.mp3,zh-CN
common_voice_zh-CN_18776217.mp3,zh-CN
common_voice_zh-CN_18776173.mp3,zh-CN
common_voice_zh-CN_18832285.mp3,zh-CN
common_voice_zh-CN_18811880.mp3,zh-CN
common_voice_zh-CN_18832299.mp3,zh-CN
common_voice_zh-CN_18650549.mp3,zh-CN
common_voice_zh-CN_18779236.mp3,zh-CN
common_voice_zh-CN_18536467.mp3,zh-CN
common_voice_zh-CN_18832416.mp3,zh-CN
common_voice_zh-CN_18776168.mp3,zh-CN
common_voice_zh-CN_18776178.mp3,zh-CN
common_voice_zh-CN_18776159.mp3,zh-CN
common_voice_zh-CN_18659893.mp3,zh-CN
common_voice_zh-CN_18779421.mp3,zh-CN
common_voice_zh-CN_18718302.mp3,zh-CN
common_voice_zh-CN_18660002.mp3,zh-CN
common_voice_zh-CN_18536432.mp3,zh-CN
common_voice_zh-CN_18821343.mp3,zh-CN
common_voice_zh-CN_18776063.mp3,zh-CN
common_voice_zh-CN_18743162.mp3,zh-CN
common_voice_zh-CN_18776292.mp3,zh-CN
common_voice_zh-CN_18531558.mp3,zh-CN
common_voice_zh-CN_18536437.mp3,zh-CN
common_voice_zh-CN_18773380.mp3,zh-CN
common_voice_zh-CN_18776268.mp3,zh-CN
common_voice_zh-CN_18659948.mp3,zh-CN
common_voice_zh-CN_18773349.mp3,zh-CN
common_voice_zh-CN_18536598.mp3,zh-CN
common_voice_zh-CN_18895704.mp3,zh-CN
common_voice_zh-CN_18650639.mp3,zh-CN
common_voice_zh-CN_18821292.mp3,zh-CN
common_voice_zh-CN_18825803.mp3,zh-CN
common_voice_zh-CN_18776225.mp3,zh-CN
common_voice_zh-CN_18776433.mp3,zh-CN
common_voice_zh-CN_18571627.mp3,zh-CN
common_voice_zh-CN_18652027.mp3,zh-CN
common_voice_zh-CN_18536477.mp3,zh-CN
common_voice_zh-CN_18536415.mp3,zh-CN
common_voice_zh-CN_18779417.mp3,zh-CN
common_voice_zh-CN_18811783.mp3,zh-CN
common_voice_zh-CN_18771540.mp3,zh-CN
common_voice_zh-CN_18776169.mp3,zh-CN
common_voice_zh-CN_18813650.mp3,zh-CN
common_voice_zh-CN_18829033.mp3,zh-CN
common_voice_zh-CN_18792639.mp3,zh-CN
common_voice_zh-CN_18832282.mp3,zh-CN
common_voice_zh-CN_18811800.mp3,zh-CN
common_voice_zh-CN_18758495.mp3,zh-CN
common_voice_zh-CN_18895696.mp3,zh-CN
common_voice_zh-CN_18821361.mp3,zh-CN
common_voice_zh-CN_18821377.mp3,zh-CN
common_voice_zh-CN_18775178.mp3,zh-CN
common_voice_zh-CN_18773377.mp3,zh-CN
common_voice_zh-CN_18650632.mp3,zh-CN
common_voice_zh-CN_18832424.mp3,zh-CN
common_voice_zh-CN_18773366.mp3,zh-CN
common_voice_zh-CN_18571534.mp3,zh-CN
common_voice_zh-CN_18659945.mp3,zh-CN
common_voice_zh-CN_18536384.mp3,zh-CN
common_voice_zh-CN_18792616.mp3,zh-CN
common_voice_zh-CN_18536478.mp3,zh-CN
common_voice_zh-CN_18792731.mp3,zh-CN
common_voice_zh-CN_18773421.mp3,zh-CN
common_voice_zh-CN_18792628.mp3,zh-CN
common_voice_zh-CN_18779424.mp3,zh-CN
common_voice_zh-CN_18825798.mp3,zh-CN
common_voice_zh-CN_18810351.mp3,zh-CN
common_voice_zh-CN_18832412.mp3,zh-CN
common_voice_zh-CN_18718177.mp3,zh-CN
common_voice_zh-CN_18650543.mp3,zh-CN
common_voice_zh-CN_18810214.mp3,zh-CN
common_voice_zh-CN_18776372.mp3,zh-CN
common_voice_zh-CN_18536502.mp3,zh-CN
common_voice_zh-CN_18772835.mp3,zh-CN
common_voice_zh-CN_18571519.mp3,zh-CN
common_voice_zh-CN_18811840.mp3,zh-CN
common_voice_zh-CN_18828708.mp3,zh-CN
common_voice_zh-CN_18773450.mp3,zh-CN
common_voice_zh-CN_18797500.mp3,zh-CN
common_voice_zh-CN_18802148.mp3,zh-CN
common_voice_zh-CN_18895676.mp3,zh-CN
common_voice_zh-CN_18829072.mp3,zh-CN
common_voice_zh-CN_18789819.mp3,zh-CN
common_voice_zh-CN_18810337.mp3,zh-CN
common_voice_zh-CN_18792733.mp3,zh-CN
common_voice_zh-CN_18659967.mp3,zh-CN
common_voice_zh-CN_18811802.mp3,zh-CN
common_voice_zh-CN_18718172.mp3,zh-CN
common_voice_zh-CN_18650605.mp3,zh-CN
common_voice_zh-CN_18650641.mp3,zh-CN
common_voice_zh-CN_18564051.mp3,zh-CN
common_voice_zh-CN_18659894.mp3,zh-CN
common_voice_zh-CN_18779369.mp3,zh-CN
common_voice_zh-CN_18673924.mp3,zh-CN
common_voice_zh-CN_18536627.mp3,zh-CN
common_voice_zh-CN_18811822.mp3,zh-CN
common_voice_zh-CN_18650667.mp3,zh-CN
common_voice_zh-CN_18776254.mp3,zh-CN
common_voice_zh-CN_18650561.mp3,zh-CN
common_voice_zh-CN_18779233.mp3,zh-CN
common_voice_zh-CN_18776214.mp3,zh-CN
common_voice_zh-CN_18779372.mp3,zh-CN
common_voice_zh-CN_18792630.mp3,zh-CN
common_voice_zh-CN_18536458.mp3,zh-CN
common_voice_zh-CN_18829070.mp3,zh-CN
common_voice_zh-CN_18650703.mp3,zh-CN
common_voice_zh-CN_18536439.mp3,zh-CN
common_voice_zh-CN_18776156.mp3,zh-CN
common_voice_zh-CN_18776280.mp3,zh-CN
common_voice_zh-CN_18771741.mp3,zh-CN
common_voice_zh-CN_18776243.mp3,zh-CN
common_voice_zh-CN_18536628.mp3,zh-CN
common_voice_zh-CN_18776186.mp3,zh-CN
common_voice_zh-CN_18811859.mp3,zh-CN
common_voice_zh-CN_18776364.mp3,zh-CN
common_voice_zh-CN_18673925.mp3,zh-CN
common_voice_zh-CN_18650637.mp3,zh-CN
common_voice_zh-CN_18536399.mp3,zh-CN
common_voice_zh-CN_18802113.mp3,zh-CN
common_voice_zh-CN_18775929.mp3,zh-CN
common_voice_zh-CN_18776179.mp3,zh-CN
common_voice_zh-CN_18810379.mp3,zh-CN
common_voice_zh-CN_18825801.mp3,zh-CN
common_voice_zh-CN_18828678.mp3,zh-CN
common_voice_zh-CN_18776301.mp3,zh-CN
common_voice_zh-CN_18825809.mp3,zh-CN
common_voice_zh-CN_18775932.mp3,zh-CN
common_voice_zh-CN_18895674.mp3,zh-CN
common_voice_zh-CN_18771638.mp3,zh-CN
common_voice_zh-CN_18828739.mp3,zh-CN
common_voice_zh-CN_18825786.mp3,zh-CN
common_voice_zh-CN_18829079.mp3,zh-CN
common_voice_zh-CN_18792727.mp3,zh-CN
common_voice_zh-CN_18776188.mp3,zh-CN
common_voice_zh-CN_18779419.mp3,zh-CN
common_voice_zh-CN_18776322.mp3,zh-CN
common_voice_zh-CN_18802110.mp3,zh-CN
common_voice_zh-CN_18776331.mp3,zh-CN
common_voice_zh-CN_18742680.mp3,zh-CN
common_voice_zh-CN_18773448.mp3,zh-CN
common_voice_zh-CN_18776253.mp3,zh-CN
common_voice_zh-CN_18571538.mp3,zh-CN
common_voice_zh-CN_18659968.mp3,zh-CN
common_voice_zh-CN_18797504.mp3,zh-CN
common_voice_zh-CN_18779422.mp3,zh-CN
common_voice_zh-CN_18792637.mp3,zh-CN
common_voice_zh-CN_18811804.mp3,zh-CN
common_voice_zh-CN_18832300.mp3,zh-CN
common_voice_zh-CN_18536490.mp3,zh-CN
common_voice_zh-CN_18650586.mp3,zh-CN
common_voice_zh-CN_18797498.mp3,zh-CN
common_voice_zh-CN_18650547.mp3,zh-CN
common_voice_zh-CN_18536592.mp3,zh-CN
common_voice_zh-CN_18829067.mp3,zh-CN
common_voice_zh-CN_18660162.mp3,zh-CN
common_voice_zh-CN_18773367.mp3,zh-CN
common_voice_zh-CN_18829089.mp3,zh-CN
common_voice_zh-CN_18832303.mp3,zh-CN
common_voice_zh-CN_18779370.mp3,zh-CN
common_voice_zh-CN_18829083.mp3,zh-CN
common_voice_zh-CN_18802116.mp3,zh-CN
common_voice_zh-CN_18536475.mp3,zh-CN
common_voice_zh-CN_18743075.mp3,zh-CN
common_voice_zh-CN_18792732.mp3,zh-CN
common_voice_zh-CN_18660161.mp3,zh-CN
common_voice_zh-CN_18776185.mp3,zh-CN
common_voice_zh-CN_18536398.mp3,zh-CN
common_voice_zh-CN_18810354.mp3,zh-CN
common_voice_zh-CN_18660228.mp3,zh-CN
common_voice_zh-CN_18802050.mp3,zh-CN
common_voice_zh-CN_18536626.mp3,zh-CN
common_voice_zh-CN_18776085.mp3,zh-CN
common_voice_zh-CN_18650625.mp3,zh-CN
common_voice_zh-CN_18825808.mp3,zh-CN
common_voice_zh-CN_18776180.mp3,zh-CN
common_voice_zh-CN_18792735.mp3,zh-CN
common_voice_zh-CN_18571521.mp3,zh-CN
common_voice_zh-CN_18742667.mp3,zh-CN
common_voice_zh-CN_18771773.mp3,zh-CN
common_voice_zh-CN_18771787.mp3,zh-CN
common_voice_zh-CN_18811882.mp3,zh-CN
common_voice_zh-CN_18773425.mp3,zh-CN
common_voice_zh-CN_18821349.mp3,zh-CN
common_voice_zh-CN_18797506.mp3,zh-CN
common_voice_zh-CN_18779270.mp3,zh-CN
common_voice_zh-CN_18536423.mp3,zh-CN
common_voice_zh-CN_18536590.mp3,zh-CN
common_voice_zh-CN_18659949.mp3,zh-CN
common_voice_zh-CN_18660260.mp3,zh-CN
common_voice_zh-CN_18776162.mp3,zh-CN
common_voice_zh-CN_18650684.mp3,zh-CN
common_voice_zh-CN_18821356.mp3,zh-CN
common_voice_zh-CN_18660197.mp3,zh-CN
common_voice_zh-CN_18531586.mp3,zh-CN
common_voice_zh-CN_18811911.mp3,zh-CN
common_voice_zh-CN_18811807.mp3,zh-CN
common_voice_zh-CN_18792625.mp3,zh-CN
common_voice_zh-CN_18650607.mp3,zh-CN
common_voice_zh-CN_18536491.mp3,zh-CN
common_voice_zh-CN_18776164.mp3,zh-CN
common_voice_zh-CN_18776264.mp3,zh-CN
common_voice_zh-CN_18797499.mp3,zh-CN
common_voice_zh-CN_18776132.mp3,zh-CN
common_voice_zh-CN_18825791.mp3,zh-CN
common_voice_zh-CN_18810363.mp3,zh-CN
common_voice_zh-CN_18821360.mp3,zh-CN
common_voice_zh-CN_18779416.mp3,zh-CN
common_voice_zh-CN_18825804.mp3,zh-CN
common_voice_zh-CN_18536382.mp3,zh-CN
common_voice_zh-CN_18571529.mp3,zh-CN
common_voice_zh-CN_18811799.mp3,zh-CN
common_voice_zh-CN_18803127.mp3,zh-CN
common_voice_zh-CN_18821346.mp3,zh-CN
common_voice_zh-CN_18571528.mp3,zh-CN
common_voice_zh-CN_18660004.mp3,zh-CN
common_voice_zh-CN_18536441.mp3,zh-CN
common_voice_zh-CN_18832290.mp3,zh-CN
common_voice_zh-CN_18779235.mp3,zh-CN
common_voice_zh-CN_18531588.mp3,zh-CN
common_voice_zh-CN_18536479.mp3,zh-CN
common_voice_zh-CN_18775931.mp3,zh-CN
common_voice_zh-CN_18811785.mp3,zh-CN
common_voice_zh-CN_18895705.mp3,zh-CN
common_voice_zh-CN_18776105.mp3,zh-CN
common_voice_zh-CN_18832426.mp3,zh-CN
common_voice_zh-CN_18531542.mp3,zh-CN
common_voice_zh-CN_18773304.mp3,zh-CN
common_voice_zh-CN_18660226.mp3,zh-CN
common_voice_zh-CN_18773427.mp3,zh-CN
common_voice_zh-CN_18531545.mp3,zh-CN
common_voice_zh-CN_18773404.mp3,zh-CN
common_voice_zh-CN_18828689.mp3,zh-CN
common_voice_zh-CN_18771614.mp3,zh-CN
common_voice_zh-CN_18650704.mp3,zh-CN
common_voice_zh-CN_18810377.mp3,zh-CN
common_voice_zh-CN_18571518.mp3,zh-CN
common_voice_zh-CN_18776140.mp3,zh-CN
common_voice_zh-CN_18821294.mp3,zh-CN
common_voice_zh-CN_18779427.mp3,zh-CN
common_voice_zh-CN_18776281.mp3,zh-CN
common_voice_zh-CN_18650583.mp3,zh-CN
common_voice_zh-CN_18895684.mp3,zh-CN
common_voice_zh-CN_18832280.mp3,zh-CN
common_voice_zh-CN_18776375.mp3,zh-CN
common_voice_zh-CN_18811910.mp3,zh-CN
common_voice_zh-CN_18828686.mp3,zh-CN
common_voice_zh-CN_18772058.mp3,zh-CN
common_voice_zh-CN_18810355.mp3,zh-CN
common_voice_zh-CN_18718179.mp3,zh-CN
common_voice_zh-CN_18779425.mp3,zh-CN
common_voice_zh-CN_18627026.mp3,zh-CN
common_voice_zh-CN_18771814.mp3,zh-CN
common_voice_zh-CN_18828687.mp3,zh-CN
common_voice_zh-CN_18792627.mp3,zh-CN
common_voice_zh-CN_18773350.mp3,zh-CN
common_voice_zh-CN_18802152.mp3,zh-CN
common_voice_zh-CN_18772793.mp3,zh-CN
common_voice_zh-CN_18792641.mp3,zh-CN
common_voice_zh-CN_18773371.mp3,zh-CN
common_voice_zh-CN_18812041.mp3,zh-CN
common_voice_zh-CN_18829071.mp3,zh-CN
common_voice_zh-CN_18776241.mp3,zh-CN
common_voice_zh-CN_18895669.mp3,zh-CN
common_voice_zh-CN_18650642.mp3,zh-CN
common_voice_zh-CN_18650666.mp3,zh-CN
common_voice_zh-CN_18825797.mp3,zh-CN
common_voice_zh-CN_18772263.mp3,zh-CN
common_voice_zh-CN_18797507.mp3,zh-CN
common_voice_zh-CN_18650573.mp3,zh-CN
common_voice_zh-CN_18832294.mp3,zh-CN
common_voice_zh-CN_18895673.mp3,zh-CN
common_voice_zh-CN_18743163.mp3,zh-CN
common_voice_zh-CN_18571626.mp3,zh-CN
common_voice_zh-CN_18659969.mp3,zh-CN
common_voice_zh-CN_18650664.mp3,zh-CN
common_voice_zh-CN_18536461.mp3,zh-CN
common_voice_zh-CN_18810353.mp3,zh-CN
common_voice_zh-CN_18811909.mp3,zh-CN
common_voice_zh-CN_18536616.mp3,zh-CN
common_voice_zh-CN_18536617.mp3,zh-CN
common_voice_zh-CN_18771743.mp3,zh-CN
common_voice_zh-CN_18660000.mp3,zh-CN
common_voice_zh-CN_18828707.mp3,zh-CN
common_voice_zh-CN_18773348.mp3,zh-CN
common_voice_zh-CN_18718178.mp3,zh-CN
common_voice_zh-CN_18536500.mp3,zh-CN
common_voice_zh-CN_18832293.mp3,zh-CN
common_voice_zh-CN_18571609.mp3,zh-CN
common_voice_zh-CN_18776267.mp3,zh-CN
common_voice_zh-CN_18802052.mp3,zh-CN
common_voice_zh-CN_18832277.mp3,zh-CN
common_voice_zh-CN_18825790.mp3,zh-CN
common_voice_zh-CN_18650587.mp3,zh-CN
common_voice_zh-CN_18776271.mp3,zh-CN
common_voice_zh-CN_18829054.mp3,zh-CN
common_voice_zh-CN_18792614.mp3,zh-CN
common_voice_zh-CN_18650604.mp3,zh-CN
common_voice_zh-CN_18773365.mp3,zh-CN
common_voice_zh-CN_18775180.mp3,zh-CN
common_voice_zh-CN_18660099.mp3,zh-CN
common_voice_zh-CN_18776175.mp3,zh-CN
common_voice_zh-CN_18779420.mp3,zh-CN
common_voice_zh-CN_18536604.mp3,zh-CN
common_voice_zh-CN_18825793.mp3,zh-CN
common_voice_zh-CN_18811991.mp3,zh-CN
common_voice_zh-CN_18802075.mp3,zh-CN
common_voice_zh-CN_18659890.mp3,zh-CN
common_voice_zh-CN_18743076.mp3,zh-CN
common_voice_zh-CN_18650707.mp3,zh-CN
common_voice_zh-CN_18673921.mp3,zh-CN
common_voice_zh-CN_18776084.mp3,zh-CN
common_voice_zh-CN_18832422.mp3,zh-CN
common_voice_zh-CN_18531536.mp3,zh-CN
common_voice_zh-CN_18776117.mp3,zh-CN
common_voice_zh-CN_18660096.mp3,zh-CN
common_voice_zh-CN_18832304.mp3,zh-CN
common_voice_zh-CN_18629883.mp3,zh-CN
common_voice_zh-CN_18792714.mp3,zh-CN
common_voice_zh-CN_18779305.mp3,zh-CN
common_voice_zh-CN_18811784.mp3,zh-CN
common_voice_zh-CN_18792631.mp3,zh-CN
common_voice_zh-CN_18776279.mp3,zh-CN
common_voice_zh-CN_18810450.mp3,zh-CN
common_voice_zh-CN_18743078.mp3,zh-CN
common_voice_zh-CN_18650577.mp3,zh-CN
common_voice_zh-CN_18776099.mp3,zh-CN
common_voice_zh-CN_18771807.mp3,zh-CN
common_voice_zh-CN_18660152.mp3,zh-CN
common_voice_zh-CN_18772173.mp3,zh-CN
common_voice_zh-CN_18775179.mp3,zh-CN
common_voice_zh-CN_18531555.mp3,zh-CN
common_voice_zh-CN_18792724.mp3,zh-CN
common_voice_zh-CN_18810409.mp3,zh-CN
common_voice_zh-CN_18812012.mp3,zh-CN
common_voice_zh-CN_18773382.mp3,zh-CN
common_voice_zh-CN_18810378.mp3,zh-CN
common_voice_zh-CN_18825787.mp3,zh-CN
common_voice_zh-CN_18673922.mp3,zh-CN
common_voice_zh-CN_18776270.mp3,zh-CN
common_voice_zh-CN_18773364.mp3,zh-CN
common_voice_zh-CN_18536625.mp3,zh-CN
common_voice_zh-CN_18821358.mp3,zh-CN
common_voice_zh-CN_18792613.mp3,zh-CN
common_voice_zh-CN_18931122.mp3,zh-CN
common_voice_zh-CN_18895670.mp3,zh-CN
common_voice_zh-CN_18660261.mp3,zh-CN
common_voice_zh-CN_18792730.mp3,zh-CN
common_voice_zh-CN_18650603.mp3,zh-CN
common_voice_zh-CN_18650683.mp3,zh-CN
common_voice_zh-CN_18821344.mp3,zh-CN
common_voice_zh-CN_18832281.mp3,zh-CN
common_voice_zh-CN_18810407.mp3,zh-CN
common_voice_zh-CN_18531589.mp3,zh-CN
common_voice_zh-CN_18654861.mp3,zh-CN
common_voice_zh-CN_18531541.mp3,zh-CN
common_voice_zh-CN_18776064.mp3,zh-CN
common_voice_zh-CN_18832295.mp3,zh-CN
common_voice_zh-CN_18829068.mp3,zh-CN
common_voice_zh-CN_18792737.mp3,zh-CN
common_voice_zh-CN_18675818.mp3,zh-CN
common_voice_zh-CN_18773379.mp3,zh-CN
common_voice_zh-CN_18828690.mp3,zh-CN
common_voice_zh-CN_18571586.mp3,zh-CN
common_voice_zh-CN_18776181.mp3,zh-CN
common_voice_zh-CN_18776313.mp3,zh-CN
common_voice_zh-CN_18536601.mp3,zh-CN
common_voice_zh-CN_18828677.mp3,zh-CN
common_voice_zh-CN_18536489.mp3,zh-CN
common_voice_zh-CN_18775930.mp3,zh-CN
common_voice_zh-CN_18792713.mp3,zh-CN
common_voice_zh-CN_18742643.mp3,zh-CN
common_voice_zh-CN_18531560.mp3,zh-CN
common_voice_zh-CN_18779303.mp3,zh-CN
common_voice_zh-CN_18675820.mp3,zh-CN
common_voice_zh-CN_18718188.mp3,zh-CN
common_voice_zh-CN_18773378.mp3,zh-CN
common_voice_zh-CN_18776115.mp3,zh-CN
common_voice_zh-CN_18825802.mp3,zh-CN
common_voice_zh-CN_18536593.mp3,zh-CN
common_voice_zh-CN_18771796.mp3,zh-CN
common_voice_zh-CN_18660097.mp3,zh-CN
common_voice_zh-CN_18776282.mp3,zh-CN
common_voice_zh-CN_18650633.mp3,zh-CN
common_voice_zh-CN_18821345.mp3,zh-CN
common_voice_zh-CN_18710546.mp3,zh-CN
common_voice_zh-CN_18536442.mp3,zh-CN
common_voice_zh-CN_18771568.mp3,zh-CN
common_voice_zh-CN_18776258.mp3,zh-CN
common_voice_zh-CN_18776363.mp3,zh-CN
common_voice_zh-CN_18718175.mp3,zh-CN
common_voice_zh-CN_18810336.mp3,zh-CN
common_voice_zh-CN_18536605.mp3,zh-CN
common_voice_zh-CN_18536429.mp3,zh-CN
common_voice_zh-CN_18776170.mp3,zh-CN
common_voice_zh-CN_18829053.mp3,zh-CN
common_voice_zh-CN_18811898.mp3,zh-CN
common_voice_zh-CN_18792642.mp3,zh-CN
common_voice_zh-CN_18564052.mp3,zh-CN
common_voice_zh-CN_18536476.mp3,zh-CN
common_voice_zh-CN_18650521.mp3,zh-CN
common_voice_zh-CN_18832302.mp3,zh-CN
common_voice_zh-CN_18650554.mp3,zh-CN
common_voice_zh-CN_18650574.mp3,zh-CN
common_voice_zh-CN_18706658.mp3,zh-CN
common_voice_zh-CN_18811821.mp3,zh-CN
common_voice_zh-CN_18660054.mp3,zh-CN
common_voice_zh-CN_18571526.mp3,zh-CN
common_voice_zh-CN_18832619.mp3,zh-CN
common_voice_zh-CN_18821378.mp3,zh-CN
common_voice_zh-CN_18811806.mp3,zh-CN
common_voice_zh-CN_18779268.mp3,zh-CN
common_voice_zh-CN_18659966.mp3,zh-CN
common_voice_zh-CN_18895668.mp3,zh-CN
common_voice_zh-CN_18773419.mp3,zh-CN
common_voice_zh-CN_18659921.mp3,zh-CN
common_voice_zh-CN_18536416.mp3,zh-CN
common_voice_zh-CN_18531566.mp3,zh-CN
common_voice_zh-CN_18776239.mp3,zh-CN
common_voice_zh-CN_18821362.mp3,zh-CN
common_voice_zh-CN_18776113.mp3,zh-CN
common_voice_zh-CN_18895683.mp3,zh-CN
common_voice_zh-CN_18779306.mp3,zh-CN
common_voice_zh-CN_18776256.mp3,zh-CN
common_voice_zh-CN_18832253.mp3,zh-CN
common_voice_zh-CN_18832288.mp3,zh-CN
common_voice_zh-CN_18743079.mp3,zh-CN
common_voice_zh-CN_18772794.mp3,zh-CN
common_voice_zh-CN_18832621.mp3,zh-CN
common_voice_zh-CN_18895707.mp3,zh-CN
common_voice_zh-CN_18792638.mp3,zh-CN
common_voice_zh-CN_18810448.mp3,zh-CN
common_voice_zh-CN_18825785.mp3,zh-CN
common_voice_zh-CN_18832301.mp3,zh-CN
common_voice_zh-CN_18531538.mp3,zh-CN
common_voice_zh-CN_18776184.mp3,zh-CN
common_voice_zh-CN_18743160.mp3,zh-CN
common_voice_zh-CN_18776157.mp3,zh-CN
common_voice_zh-CN_18779240.mp3,zh-CN
common_voice_zh-CN_18821291.mp3,zh-CN
common_voice_zh-CN_18829069.mp3,zh-CN
common_voice_zh-CN_18779397.mp3,zh-CN
common_voice_zh-CN_18825800.mp3,zh-CN
common_voice_zh-CN_18650654.mp3,zh-CN
common_voice_zh-CN_18779371.mp3,zh-CN
common_voice_zh-CN_18650558.mp3,zh-CN
common_voice_zh-CN_18776160.mp3,zh-CN
common_voice_zh-CN_18772834.mp3,zh-CN
common_voice_zh-CN_18776312.mp3,zh-CN
common_voice_zh-CN_18803126.mp3,zh-CN
common_voice_zh-CN_18776155.mp3,zh-CN
common_voice_zh-CN_18536599.mp3,zh-CN
common_voice_zh-CN_18571613.mp3,zh-CN
common_voice_zh-CN_18660199.mp3,zh-CN
common_voice_zh-CN_18773376.mp3,zh-CN
common_voice_zh-CN_18776133.mp3,zh-CN
common_voice_zh-CN_18776066.mp3,zh-CN
common_voice_zh-CN_18771550.mp3,zh-CN
common_voice_zh-CN_18802149.mp3,zh-CN
common_voice_zh-CN_18571602.mp3,zh-CN
common_voice_zh-CN_18772596.mp3,zh-CN
common_voice_zh-CN_18771788.mp3,zh-CN
common_voice_zh-CN_18776273.mp3,zh-CN
common_voice_zh-CN_18829032.mp3,zh-CN
common_voice_zh-CN_18571628.mp3,zh-CN
common_voice_zh-CN_18650624.mp3,zh-CN
common_voice_zh-CN_18810406.mp3,zh-CN
common_voice_zh-CN_18802047.mp3,zh-CN
common_voice_zh-CN_18771737.mp3,zh-CN
common_voice_zh-CN_18536591.mp3,zh-CN
common_voice_zh-CN_18771639.mp3,zh-CN
common_voice_zh-CN_18832284.mp3,zh-CN
common_voice_zh-CN_18895677.mp3,zh-CN
common_voice_zh-CN_18773369.mp3,zh-CN
common_voice_zh-CN_18771765.mp3,zh-CN
common_voice_zh-CN_18813649.mp3,zh-CN
common_voice_zh-CN_18772580.mp3,zh-CN
common_voice_zh-CN_18810410.mp3,zh-CN
common_voice_zh-CN_18688878.mp3,zh-CN
common_voice_zh-CN_18773374.mp3,zh-CN
common_voice_zh-CN_18895675.mp3,zh-CN
common_voice_zh-CN_18776365.mp3,zh-CN
common_voice_zh-CN_18718180.mp3,zh-CN
common_voice_zh-CN_18650550.mp3,zh-CN
common_voice_zh-CN_18571610.mp3,zh-CN
common_voice_zh-CN_18531548.mp3,zh-CN
common_voice_zh-CN_18832255.mp3,zh-CN
common_voice_zh-CN_18811786.mp3,zh-CN
common_voice_zh-CN_18811818.mp3,zh-CN
common_voice_zh-CN_18776215.mp3,zh-CN
common_voice_zh-CN_18811803.mp3,zh-CN
common_voice_zh-CN_18660262.mp3,zh-CN
common_voice_zh-CN_18714516.mp3,zh-CN
common_voice_zh-CN_18531556.mp3,zh-CN
common_voice_zh-CN_18531553.mp3,zh-CN
common_voice_zh-CN_18773426.mp3,zh-CN
common_voice_zh-CN_18531559.mp3,zh-CN
common_voice_zh-CN_18536412.mp3,zh-CN
common_voice_zh-CN_18811893.mp3,zh-CN
common_voice_zh-CN_18810365.mp3,zh-CN
